Post ID,Text,LDA_Topic,LDA_Topic_Name
0,gang rape happened sister sister recently shot leg due mishandling gun hit femural artery rushed hospital emergency surgery miracle bleed still recovering unable walk according details family gang raped state contracted std also spread wound going horrible time idea support step life somehow grew extremely close fraternal twins details example perpetrators could exactly occurred housebound anyone suggestions please let know may end deleting soon obviously details specific feel strange story online,2,"someone, get, went, life, school"
1,raped man knew work came back house afters knew relationship knows partner asked kiss said slapped told proceeded go leave harsh marks still day attempted penetrate get thrusted many times moaned managed push rape really unsure,2,"someone, get, went, life, school"
2,molested one hogh schools popular kids im trans girl cismale hetero presenting school avoid bullying recently started taking actually happened time even realize molested specificly cause im autistic sturggle idetifiying situations innocent came phyiscal contact time consentualy stuff till l school ima describe happened remember give thoughts happened hangingout friend group hallway school bullys cousin came behind pulled prushed hips wrapped arms around body low groping inner thigh essentially holding seconds stronger star basketball baseball player school literaly get away whispered something ear remember anymore said let go walked away leaving indication wanted one friends asked ok acted unbothered thoughts time felt really embarrassed literaly happened people considered friends could see never wanted high school friends see intimate position matter circumstances thoughts alot trauma 18 memorys stuff reapear randomly difficult disgusted actions noticed actually struggle pda get similar symtoms anxiety happens despite attracted guys still trust making dating difficult actually lived arrow ace cause avoid stuff people feeling comfortable even partners,0,"time, raped, friends, happened, school"
3,life go get better eventually keep pushing days time support network therapist huge help story path took towards healing younger pretty shy self conscious went high school things went downhill fast body started mature much girls coupled personality made easy target bullying often faked sick go school dreaded pretty miserable dealing students deal creepy teachers times even many friends loner ended experiencing sa first time pretty bad 15 someone trusted like family actual family went therapist also betrayed trust groomed little year quit got bf finally able start feeling better world finished high school went college social life fact people chill kinds people high school healing started kick 19 finally healthy headspace able cope happened past new bf healthy sex life parts sa stick pop head times think anyone ever truly shed 100 past cope realizing part history move forward one thing found helpful things going someone talk helped get mind getting someone else inputs really helped calm nerves multiple ways finding free resources website called 7cups trained listeners provide listening ear vent thoughts reddit chat helpful well careful talk anyone needs someone talk please feel free reach feel free ama well help journey wish best remember keep keeping things get better eventually even seem like,2,"someone, get, went, life, school"
4,domination kink think raped month ago 16 time raped close friend mine forgived still friends im still dependant since usually source comfort happened want take care dominate want take decisions raped dont really feel comfortable physical contact except think become even dependant im also developing weird kinks normal something manipulating think trust,0,"time, raped, friends, happened, school"
5,gf raped tearing apart girlfriend close broken raped many times knew effect love still recently raped someone used know let slip feel useless bound determined help even though want want help let make sad help apparently protect feel fault much pain know want help know empathy strong sute let try want give reason love need help,3,"night, bed, help, asleep, sleep"
6,support friend friend coerced sexual activities one friends feels uncomfortable around friend friend felt comfortable telling talked made sure shared things comfortable sharing said tell therapist think ready talk therapist said think comfortable friend even really think sexually assaulted know coercion sexual activities sexual assault friend dealt heavy suicidal thoughts self harm past want provide much support possible fall back support help understand friend b wrong wrong stop friends person b,1,"friend, comfortable, think, support, sexual"
7,abusive relationship younger sexually assaulted raped several times course relationship told therapist happened occasions confirmed every single one sexual assault rape tells fault every single time try find way blame happened know someone told identical story would tell fault trying blame happened maybe feel powerless happened 2 times unable consent due state consciousness awareness every time gave clear verbal times also gave pretty clear non verbal indications non consent often multiple times ignored unable stop even though wanted maybe assigning blame trying feel like control situation think healthy also know stop,4,"times, happened, blame, every, time"
8,update think husband came mouth asleep wanted give everyone update previous post https www reddit com r rape comments 1gqiq7x _think _my _husband _came _in _my _mouth _while _i _was day posted decided go stay night sister night blew phone texts calls ignored next morning texted said proof innocence decided meet lunch see night incident playing xbox friends online went bed showed messages timestamps told signing showed messages timestamps instagram reels sent friends claims bed point side note went meds started using app track sleep guess using whole time showed app logged asleep like 15 20 minute time period bed asleep incident would occur app says asleep whole night words violated 15 minute period would riled unable sleep also mentioned meds sometimes side effect confusion anxiety started believe question whether whole ordeal ever happened decided go back home night would try get together went home sister lent old nanny cam set secret husband morning would leave work review footage night nothing noteworthy captured go bed early night taking meds get bed like hour later sometimes snuggle give kiss forehead go sleep soon despite still felt still hard time trusting morning went check camera discovered right along hour gone sleep last night walked room said name softly budge deep asleep walks lifts shirt takes phone looks like taking pics possibly filming puts hand panties starts touching starts touching steps room bit comes back pants holding washcloth starts pleasuring right next face minute presses face finishes wipes mouth side face washcloth steps room minutes later gets bed sleep shock believe also shocked caught fucking angry hurt disgusted crying type leaving fucker today never coming back thank supportive recommended setting camera,3,"night, bed, help, asleep, sleep"
9,ex boyfriend raped 15 years ago child together raped repeatedly including friends looking back angry anything 20 time took long time move forward still really apologised day years resurfaced,0,"time, raped, friends, happened, school"
